Time (s),Package0(W),Cores(W),GPU(W),DRAM(W),Psys(W),
1.000233,2.262009,0.032020,0.000000,0.000000,0.000000,
